person_id,bonus,gender,wage,total
905,85059.63838165088,M,26169.09246120621,399088.74791612546
836,7703.346074017301,F,21697.226871442665,268070.0685313293
287,3120.269742251124,M,8862.949844095587,109475.66787139817
548,5347.987141783156,F,90955.3826198772,1096812.5785803094
575,137257.49061444332,F,36528.235515052416,575596.3167950723
242,72789.22686016379,F,48276.81955146165,652111.0614777035
800,121323.6890389114,F,5064.08840882106,182092.74994476413
549,389315.7325497206,M,43602.50873972132,912545.8374263765
323,98110.28261033048,F,11064.075977699576,230879.1943427254
43,268778.4398043498,,,
939,21725.91542253553,M,16166.868191123103,215728.33371601277
136,25650.49581818874,M,137819.97538498943,1679490.200438062
977,127712.34396125306,M,64735.60702045089,904539.6282066638
244,43565.52954885602,F,19859.581619821613,281880.50898671534
956,339080.44435791654,F,71370.2735310434,1195523.7267304375
127,90944.4691969234,F,26789.183020310997,412414.6654406553
98,4660.718570584893,M,155927.6772329421,1875792.8453658903
6,14750.106301849211,M,35395.17245409278,439492.1757509626
416,132102.75395874298,F,29118.779757860266,481528.1110530662
672,52322.64147348103,F,16335.861028487376,248352.97381532955
967,48885.78758386294,M,40107.98853420911,530181.6499943722
478,1080251.5052457268,F,200626.28983225927,3487766.983232838
427,94714.81236641596,F,31979.856075367697,478473.08527082833
21,92305.96287463808,M,8375.630784677518,192813.5322907683
383,41522.55204864632,F,18120.69958327707,258970.94704797116
113,96924.66207232692,M,31964.65929741872,480500.57364135154
102,5551.732928262938,M,45620.01032424576,552991.8568192121
757,6329445.307208339,F,97255.76081521215,7496514.436990885
824,11584.713872351058,M,36197.30835319165,445952.41411065083
825,2738.230888383869,F,17237.133290729016,209583.83037713205
910,4735.081104103307,F,172242.0552707768,2071639.7443534248
718,18033.872058029214,F,12410.187880099184,166956.12661921943
744,249394.76406065517,M,15705.632194263251,437862.3503918142
862,458.96326507083097,M,17445.45093348398,209804.37446687857
268,200650.98605137315,F,59867.34041183798,919059.0709934289
194,778.0408109509525,M,47743.46471889665,573699.6174377106
72,225008.14478312852,M,19457.813454515548,458501.9062373151
576,13248.019961398257,M,50308.36630138863,616948.4155780618
256,476.3232346894855,F,24352.98848150311,292712.1850127268
859,1829.5103117390847,F,28333.50193511649,341831.533533137
535,17849.09827516891,M,36499.09597186889,455838.24993759557
150,19781.07330337724,F,10528.668037126488,146125.0897488951
84,7086.230687145605,F,12509.566850664414,157201.03289511858
95,10936.489277137356,F,167593.1870382354,2022054.7337359623
88,44720.2746405525,F,25817.532282061213,354530.6620252871
710,162572.6947239401,M,96546.17181856593,1321126.756546731
537,9347.620584949344,M,8367.34746234932,109755.79013314118
35,46781.7086783985,F,150636.1632578341,1854415.6677724076
511,40627.34684325541,M,92718.0849906378,1153244.366730909
857,1145.3180191258118,M,1050.8168679817911,13755.120434907307
429,115580.96576782117,M,17398.010831272324,324357.09574308904
28,17095.225198768767,,,
169,332833.0298039964,M,27979.1190936478,668582.4589277699
29,641.4821127922093,F,21648.22544335491,260420.18743305112
142,46359.8722852876,M,27072.394454038367,371228.605733748
461,113591.0129060896,F,31059.108434319296,486300.31411792117
594,54008.82272699074,M,25529.496473252537,360362.78040602116
677,483855.05929457664,M,24264.32446680364,775026.9528962204
916,4659.758652371541,F,34117.28199158688,414067.14255141414
685,33341.36262797904,F,17892.55976656855,248052.07982680164
305,26762.17365901968,F,3304.3390023716424,66414.2416874794
692,926403.9638755036,M,18389.571189834223,1147078.8181535143
458,32954.88836748423,F,205648.28460049283,2500734.3035733984
734,3744.786089136662,F,68866.66909953495,830144.815283556
630,70154.0889570177,M,22918.58592083438,345177.12000703026
568,13282.123922869556,F,9783.523357032722,130684.40420726221
667,376766.8632482974,F,63950.86281681299,1144177.2170500532
816,3488.899311672037,F,18675.097921235443,227590.07436649734
983,9391.08530400419,M,9922.78135646453,128464.46158157854
14,39212.94761001429,M,13434.655493289682,200428.81352949046
14,5259.058474655259,M,13434.655493289682,166474.92439413143
201,218451.07536116516,F,75421.53685509591,1123509.517622316
334,16805.795996118293,M,5809.31621773375,86517.59060892329
238,85932.82244397374,F,5146.506087949292,147690.89549936523
653,57318.99597087748,M,70093.88569659415,898445.6243300074
235,56666.8894710722,F,22502.581324950366,326697.86537047656
59,158669.57775518458,M,109324.20492893684,1470560.0369024267
586,36722.395904806166,M,7024.4602686759445,121015.91912891749
308,83522.54753941965,F,360041.10444537736,4404015.800883948
443,87690.61247139843,M,61789.03591031872,829159.0433952231
185,302547.2660807702,F,55669.17980575511,970577.4237498315
920,12710.877491257184,F,10011.01020680985,132842.99997297538
742,524799.8861552427,M,21159.25033905673,778710.8902239234
641,342165.0676030975,F,19301.925472415267,573788.1732720807
217,56037.01864005837,M,51444.43889046333,673370.2853256183
180,40283.52227769772,F,14838.653599628684,218347.36547324192
174,188996.49732610877,M,58888.570407069295,895659.3422109403
262,2352.899010027141,M,21489.24664322985,260223.85872878533
652,66077.95493026394,M,70715.87504898437,914668.4555180763
573,165630.21659332092,M,362844.1103821304,4519759.541178886
339,908.6296825779468,M,19057.252451396627,229595.65909933747
657,554328.574237241,M,115041.69669156973,1934828.9345360775
860,12220.98310245327,F,72123.33157983447,877700.962060467
834,3685.8473977169897,M,91607.8158786063,1102979.6379409926
466,127421.42525515592,M,112434.46650118966,1476635.023269432
751,156191.75843423157,F,161447.70112838357,2093564.1719748345
865,75858.32978004104,M,40500.757929555926,561867.4249347121
894,401319.1226761674,M,138850.8821859104,2067529.7089070922
794,130853.5698107645,M,62024.2129938933,875144.1257374841
591,83952.42878794506,F,4840.69434259252,142040.76089905528
148,269007.0551405547,F,60094.75558892518,990144.1222076569
572,11209.77985457022,F,9879.535387022948,129764.2044988456
12,386483.71671652544,M,23547.663280821514,669055.6760863836
12,247287.5851858261,M,23547.663280821514,529859.5445556842
402,202782.0352711468,M,12982.802010328363,358575.65939508716
474,29309.541216935937,M,11590.240283896866,168392.42462369832
676,1287.6181808847368,F,10239.256421086886,124158.69523392736
420,391256.0787413215,M,21697.93319160964,651631.2770406372
888,2752.89050906855,M,234245.6595145228,2813700.804683342
524,48307.31918655843,F,48274.61862750243,627602.7427165876
713,587158.3380145706,M,12032.970162719872,731553.979967209
767,1076.8798519997758,M,8328.034344934384,101013.29199121238
925,10116.123012564887,F,11293.859471846616,145642.43667472427
300,9024.633494406156,M,5347.213143765136,73191.19121958778
261,95862.29256179118,M,15009.083807168528,275971.29824781354
53,643776.1190872692,M,12213.218211312056,790334.7376230138
868,70751.97499101183,M,16978.470472214958,274493.6206575913
380,23280.0381509054,M,6633.626979210265,102883.56190142858
183,638001.6118819619,F,32879.97433421192,1032561.3038925049
783,3201.3029636764995,F,7426.735829124394,92322.13291316922
114,30856.39132360999,M,10156.217267059048,152730.99852831857
362,1276.5304114602409,M,28582.57807546756,344267.467317071
929,176718.8468502398,M,46745.32322782949,737662.7255841937
658,6671.247837657558,F,19783.977951119257,244078.98325108862
3,21968.57937484445,M,15995.576829130952,213915.50132441588
189,686563.6412468133,M,27175.661720298143,1012671.5818903911
199,83545.36505310601,M,22314.109441927303,351314.67835623363
325,309866.6993264508,M,16514.255734366634,508037.76813885046
696,86312.3243263658,M,104139.4712137066,1335985.9788908449
453,966.138130537331,F,11972.104192064757,144631.3884353144
707,1166.163217132172,F,49659.510797646784,597080.2927888937
663,2005.5784374024583,M,17584.192344290404,213015.8865688873
748,40802.7341694982,F,134695.18584685776,1657144.9643317913
303,36490.539030746346,F,28975.89841634487,384201.3200268848
632,49514.12516157161,F,40872.37738160673,539982.6537408525
2,3192912.3129180763,M,44523.69908406118,3727196.7019268107
705,5911.013279245603,F,36866.96383645092,448314.5793166567
996,389278.9690777933,M,9972.95627199184,508954.4443416954
540,3215522.515572146,F,40111.70350755832,3696862.957662846
951,565549.6880566328,M,11091.655519491384,698649.5542905293
869,6257.379214479824,F,118598.39966363758,1429438.1751781309
952,17149.58581594897,F,9777.301387837648,134477.20247000075
67,6903.335822273492,M,35909.41003601559,437816.25625446066
111,19037.406986781752,M,62729.715771731615,771793.9962475611
382,4632.52126151788,M,19683.264120208925,240831.69070402498
487,6540.761607439306,F,30145.52250375266,368287.0316524712
105,12582.050416715452,M,16715.625627090965,213169.55794180703
5,53167.8029435237,M,65464.53228148786,838742.1903213781
397,30730.049864884797,M,53460.58841160892,672257.1108041919
785,52518.5180204138,F,178469.68846073266,2194154.7795492057
938,57572.5556187412,F,24743.22754773372,354491.28619154583
413,26041.626572875844,F,19174.04414006325,256130.15625363484
832,922365.50652112,F,5999.308199261765,994357.2049122611
638,513209.4865887214,M,14020.671451545895,681457.5440072721
8,415211.3980078665,M,54813.50695725651,1072973.4814949445
352,65951.75549161888,M,17243.881246273642,272878.3304469026
50,18937.01752375566,F,16679.959601485964,219096.53274158723
252,51348.30502240089,F,62251.05469774913,798360.9613953904
721,10171.458975534166,F,49921.10522621749,609224.7216901442
489,1090.9508636485505,F,10115.56009239775,122477.67197242157
691,30732.00604977404,M,18853.19072274673,256970.2947227348
78,13502.390613633355,M,16460.183057937502,211024.58730888338
581,3779112.148729589,F,19391.657956556744,4011812.0442082696
153,6347.20429765674,F,24282.78013828532,297740.5659570806
872,211034.57939462428,M,10470.036152628156,336675.0132261622
119,30215.23800750593,F,34999.82893042477,450213.1851726032
821,968678.1471390496,F,16712.066924616625,1169222.950234449
887,105366.88552008342,F,75473.96897348511,1011054.5132019047
565,479.2752170879212,F,40662.29848833249,488426.85707707785
377,39702.5134223259,M,20987.760445502998,291555.6387683619
364,76138.36193166717,F,37644.776255361634,527875.6769960067
797,4422341.102278487,M,13976.309744488426,4590056.819212348
941,8492.150338892918,F,35241.71549574645,431392.73628785036
333,447676.4939973131,M,33187.07665441604,845921.4138503056
75,3353.8373481536137,F,17284.669079512514,210769.86630230377
232,82611.6933945323,M,6951.319754443824,166027.5304478582
449,6652.680968432027,M,35483.77986603901,432458.0393609002
570,5017.93345813688,M,4041.514022902055,53516.10173296154
196,37583.27684200014,M,43709.33702511205,562095.3211433447
950,368275.9601128916,M,72450.09906005686,1237677.148833574
222,4202.710950478498,F,17570.199436484087,215045.10418828754
982,2284.297961127245,M,61603.98744273862,741532.1472739907
210,79547.73832616875,F,6915.145526979035,162529.48464991717
766,5712.22830341816,M,176092.99144051503,2118828.1255895984
44,599.4414131095739,M,23512.92813822399,282754.5790717975
510,9486.193956925126,F,12905.398634409292,164350.97756983663
936,12739.419125553974,M,53894.6991501885,659475.8089278159
531,123.60191736661488,F,31305.872999750754,375794.0779143757
593,33983.034063782325,F,29101.13784489652,383196.6882025405
195,11012.704333634932,F,15992.027728319426,202917.03707346803
608,15279.662035922642,F,9733.026652980132,132075.98187168423
188,5536.9626721263,F,24903.610827320845,304380.29259997647
389,2085.8688006900657,M,52804.53074521913,635740.2377433196
665,115761.42369902376,M,26887.095852408653,438406.57392792765
826,6397.37803471159,M,4844.665958863651,64533.36954107541
230,32722.719752217123,F,5975.81977846902,104432.55709384536
584,4412.506534618992,F,18664.447891091266,228385.88122771418
249,11158.79741231286,F,38778.582701846535,476501.7898344713
583,191334.36042172235,M,17460.01741930213,400854.56945334794
588,40731.814890639296,M,77892.86230776145,975446.1625837766
666,24994.67735975436,F,16005.894886983378,217065.4160035549
892,39052.8784130243,F,52042.47291983258,663562.5534510154
598,1263.7917469013362,F,18091.40952723828,218360.7060737607
557,493973.9969603012,F,7178.874106289282,580120.4862357726
974,164196.40663560558,M,78436.51787825004,1105434.621174606
964,557549.2439001787,M,12089.61134675509,702624.5800612398
41,12225.080391660118,F,7331.286676095301,100200.52050480373
521,3808.2902676863127,M,13171.8562749481,161870.56556706352
879,141016.4523382273,F,27140.11891760918,466697.8793495374
15,94066.87833851548,F,68341.33216316313,914162.8642964731
599,83061.45486546554,F,15410.38362112549,267986.0583189714
810,35554.49952908088,F,68975.4981109806,863260.476860848
335,7042.832217301908,M,56394.251586229366,683773.8512520543
702,2998.141771462592,M,11686.49753814037,143236.11222914702
498,8810.424277116832,M,15205.413490448496,191275.3861624988
619,17853.965829824097,F,20392.51083730189,262564.09587744676
617,2589.4274617254914,M,35922.79634621888,433662.983616352
957,45875.351524170255,M,16723.862934347206,246561.70673633672
668,24378.29723165506,F,90731.26332175486,1113153.4570927133
398,216525.3961815297,M,26985.712744046454,540353.9491100871
171,6617.839365719903,F,76166.03074707088,920610.2083305705
633,1838.024914498322,M,4239.869517635134,52716.45912611993
54,10150.350968411476,F,21912.042750861525,273094.8639787498
776,171270.08524149712,M,51442.64393826176,788581.8125006383
644,485.6028074647909,M,54404.77463751997,653342.8984577045
298,1323605.0024414568,M,33778.10219106284,1728942.2287342108
699,198237.75473076425,F,19544.93594187233,432776.9860332322
431,956210.4920828054,M,26839.18626825029,1278280.727301809
995,3452.137071266251,M,66503.73718491795,801496.9832902816
101,34389.007897197975,M,25728.138997391423,343126.67586589506
987,1203286.4867972278,M,42161.0049124732,1709218.5457469062
988,36688.83382917543,F,93656.19952063504,1160563.2280767958
578,257615.56060965476,M,122031.72369163352,1721996.244909257
806,12736.92084648016,F,14905.105021579133,191598.18110542974
93,2570.712810805765,M,40880.22187889578,493133.37535755517
227,5100.450081627972,M,55900.73229625191,675909.2376366508
236,496400.17340542754,F,49829.6605260109,1094356.0997175584
561,5096.709582058035,M,81584.21196074261,984107.2531109694
704,22702.70606936432,F,9445.5743840495,136049.59867795833
900,874.6393092828266,F,9435.639975258273,114102.3190123821
970,330.73917901867947,M,131014.74315322169,1572507.657017679
673,6354.823935693817,F,7814.643198801074,100130.5423213067
496,3715.9630374601816,F,125967.79591845606,1515329.514058933
175,33316.06575281657,F,25434.07294579813,338524.9411023941
613,7234.689247678561,M,41477.41128826969,504963.6247069149
79,14109.187231794896,F,37685.09180450877,466330.2888859001
680,12844.772198814377,M,9080.96223641582,121816.31903580422
917,7877.2401365732385,F,18282.583684195462,227268.2443469188
506,1049.489198649204,M,74414.0414367789,894017.986439996
674,7068.922311791816,F,31895.764406455757,389818.0951892609
953,2390974.201602535,F,11633.035665004303,2530570.6295825867
625,163.20883359371018,M,23368.682153417845,280587.39467460784
129,319.7469510643815,M,2346.2868998123354,28475.189748812405
567,24131.66338537526,F,47332.46557235818,592121.2502536735
295,3308.00162902133,M,18896.729074961528,230068.75052855967
154,976.167977056902,F,70573.64289803605,847859.8827534895
784,18175.247614450484,F,37471.77282340998,467836.5214953702
314,5471.837169948168,M,25234.22931235777,308282.5889182414
467,107266.17093934462,M,25896.867664439236,418028.58291261544
906,599196.7541768904,M,26061.601210575627,911935.9687037979
503,550183.959611958,F,37565.26145282801,1000967.0970458941
893,483586.5775536239,M,8773.188766284626,588864.8427490394
778,124366.8859172186,F,29292.99025525701,475882.76898030273
115,69250.00527107384,M,14243.879586917645,240176.56031408557
971,1807.071508209773,M,46430.82317749353,558976.9496381321
181,172944.992719467,M,22915.876999705084,447935.516715928
835,413.7600239433614,M,41060.947924289685,493145.13511541963
480,62845.72073429976,F,33604.564798309926,466100.4983140188
457,6901.726099255235,M,20372.62713498048,251373.251719021
343,69643.92026717855,M,6634.733174435507,149260.71836040463
646,11370.5157428433,M,91811.28838475006,1113105.976359844
473,32884.555639041784,M,13103.36461858082,190124.93106201163
100,92066.58797792748,M,39208.03511031708,562563.0093017325
475,2914746.961476032,M,23573.06833227571,3197623.781463341
17,6073.910826123347,M,20178.985060062987,248221.7315468792
831,353631.70974758145,F,33683.383127153895,757832.3072734282
63,7413.98406899185,F,106844.69515100912,1289550.3258811012
424,172468.40716494323,F,49688.66719921808,768732.4135555602
446,945307.4212883482,M,3883.2301425410874,991906.1829988412
545,17620.894799689602,F,94492.03583272731,1151525.3247924172
669,67740.19037160906,F,29221.086670825774,418393.2304215183
643,27898.244145022574,F,198132.713632404,2405490.8077338706
341,10471.272779749985,F,25954.34735344846,321923.4410211315
422,48905.28235486871,F,23568.40123296849,331726.09715049056
873,460576.7403817723,M,104510.71958351604,1714705.3753839647
68,2378.137275375602,F,16832.12659701357,204363.6564395384
212,7055.543396760405,M,26431.138897135315,324229.2101623842
525,35216.527543261305,M,10006.612061877877,155295.87228579583
259,18754.032396953768,F,26962.777612210808,342307.3637434835
360,435116.063092264,M,27969.58409031588,770751.0721760546
104,77031.99543561327,F,42787.3205595457,590479.8421501616
368,84131.36820641303,F,945.6484579174786,95479.14970142276
980,4396.659933124026,F,156606.12360303232,1883670.1431695118
292,54304.04832126624,M,21348.438123855674,310485.3058075343
179,13639.66630258567,F,30997.06233329227,385604.4143020929
280,42927.520726554736,F,11208.993839081237,177435.44679552957
874,9950.240294091149,F,42217.956129883845,516565.7138526973
935,16114.868614746632,M,39334.91194651646,488133.8119729442
944,28731.74061732613,M,212090.15928704836,2573813.652061906
517,53268.49658226135,F,9607.098465704345,168553.67817071348
55,9292.496185798993,M,89649.41090492265,1085085.4270448708
349,69110.99168194004,M,16159.995385644084,263030.93630966905
329,3127.617385761788,F,115888.77457712656,1393792.9123112806
437,103843.64011731705,F,37528.30513025076,554183.3016803262
670,357709.1966089783,F,79168.7093780242,1307733.7091452687
801,158334.01247016308,M,59807.96874634365,876029.6374262868
804,27963.290706239943,M,51887.93863237574,650618.5542947489
737,2300.504510449194,F,25556.6287533312,308980.0495504236
606,7374.801832948829,F,49177.04389627696,597499.3285882723
301,17390.359420142122,F,20712.476423324,265940.0765000301
845,7252.544113721477,F,35038.56905529337,427715.37277724186
128,44985.55561221035,M,48239.426317830505,623858.6714261763
27,7510.231802608246,M,20020.445463382228,247755.57736319496
764,14781.88499468887,M,82012.03886451642,998926.351368886
348,26907.401958500817,M,15626.926593470596,214430.52108014797
51,1796413.0088165386,M,66891.4151498423,2599109.990614646
773,169663.86707872944,F,70966.75231443814,1021264.8948519871
947,2267.7402499670434,F,18556.892149989,224950.44604983504
752,28310.016383809463,F,130440.56309305852,1593596.7735005117
885,10366.75913406639,M,26458.608211552582,327870.0576726974
519,1969862.2833768951,M,6664.811687026022,2049840.0236212073
312,27621.055283062426,M,27365.332097109796,356005.04044838
285,71748.71600641344,M,8923.986652069232,178836.55583124422
40,104183.87675047651,M,81986.6750402388,1088023.9772333421
271,11551.703714540166,F,37807.13011264035,465237.2650662243
991,66880.47556798947,M,44258.49269755269,597982.3879386218
926,13136.151078790686,F,89233.57300508115,1083939.0271397645
218,67217.22765751959,M,23301.155279618404,346831.09101294045
798,138152.81042729435,M,37219.745997143706,584789.7623930188
274,5924.808044016463,F,35024.33009168102,426216.76914418873
601,109792.33478397486,M,15556.911230477292,296475.26954970235
0,33329.344099872564,M,46793.6038108271,594852.5898297977
447,130759.00707827986,F,6602.970531193913,209994.6534526068
756,2220838.5447895164,F,23124.091977978245,2498327.6485252553
501,26569.25620594248,F,63885.4320364332,793194.4406431409
60,126232.33766051798,F,50568.54102949953,733054.8300145124
409,64314.52578327985,M,44030.39596728275,592679.2773906728
433,2417.635050491273,F,44549.262644362825,537008.7867828453
408,133754.33793059288,M,59270.56526024442,845001.121053526
571,1119177.543410323,M,8567.663218145648,1221989.5020280709
547,14050.43573415453,F,7297.265894977115,101617.62647387991
288,3098.964066765825,F,12452.533638924748,152529.3677338628
358,6532.653849631308,M,254296.04884974632,3058085.240046587
985,57266.920999793096,F,13403.234232093648,218105.7317849169
239,131235.4362426094,M,27316.779863069365,459036.7945994418
251,1080.1551906250616,F,59675.615040348464,717187.5356748067
155,459.7339689597764,M,35892.552650146994,431170.36577072367
811,27436.67931023806,M,54736.80035723307,684278.283597035
753,174855.76040959088,M,11961.437958760933,318393.0159147221
671,102937.09934304123,F,10248.867587350802,225923.51039125083
805,2543.177516363407,F,135542.41827189387,1629052.1967790897
855,403.6957862453917,F,47859.18472626654,574713.9125014439
997,53809.78166193366,F,104504.61639239053,1307865.1783706201
241,17410.871176482106,F,9786.657749243142,134850.76416739982
912,33668.27718019407,M,67803.41776522865,847309.2903629377
233,420476.18761712406,F,304077.9696581963,4069411.82351548
214,4076.184721886657,F,17273.382405848984,211356.77359207446
829,60710.02997706618,M,14307.261404138582,232397.16682672917
86,7910.731209121113,F,51927.92019572188,631045.7735577837
108,1739815.9482724196,M,49384.9449676871,2332435.2878846647
749,1177.5204021849468,F,30025.686545561257,361485.75894892
979,18037.30880015606,M,24486.70299645658,311877.744757635
70,8654.515506846825,M,29200.55956808518,359061.230323869
981,43659.79598606224,F,32833.04716251163,437656.36193620187
468,6934.529246066753,M,34229.76261134509,417691.6805822078
960,69396.20325427437,F,3809.4921894703407,115110.10952791845
126,57532.45091849573,F,27882.23882496271,392119.31681804825
522,78295.20967956874,M,79195.55279070788,1028641.8431680633
366,907612.566032613,M,211829.83332987284,3449570.5659910874
52,473484.31551141024,M,24351.02056340356,765696.562272253
283,41626.29017562305,F,33355.853458280246,441896.531674986
240,283235.7581302637,M,8217.315730221628,381843.54689292324
544,69038.23307069353,M,23135.306337203667,346661.90911713755
871,8873.46342535755,F,56933.95587694631,692080.9339487134
34,549676.2002573074,F,5087.99259683909,610732.1114193765
83,748062.9060644052,F,10929.035926320335,879211.3371802493
186,110269.05290306562,M,20787.59786703243,359720.2273074548
428,92757.97004734872,F,16902.849635444265,295592.1656726799
62,36405.123813212456,F,15945.278162806684,227748.46176689264
661,5247.01793690958,F,17181.94042665798,211430.30305680534
430,303470.7649766267,M,2571.272526869803,334326.03529906436
376,173593.9115831038,F,103581.72440134716,1416574.6043992697
133,27881.648965748973,F,13863.109367041834,194238.96137025097
992,192155.7630314904,F,6948.359670648284,275536.0790792698
476,11049.761119777446,M,10424.731505146176,136146.53918153155
112,233510.14152950823,F,9704.010222380664,349958.2641980762
423,175280.88042356336,F,56057.91039238109,847975.8051321364
922,12137.320831014387,M,14314.189007185048,183907.58891723497
791,302667.44680170005,M,23024.00824904781,578955.5457902737
344,651562.1085642796,M,8990.76546163906,759451.2941039484
729,21135.38849249426,F,9455.67689755987,134603.5112632127
440,73347.44103890553,M,86960.01391182329,1116867.607980785
490,186447.25083545755,M,76336.76113681476,1102488.3844772347
379,12674.663468933855,M,161681.18430026408,1952848.8750721028
931,3976.075160287244,M,115480.69376572568,1389744.4003489953
818,38642.3092095912,M,100084.48565846328,1239656.1371111507
13,13956.372348850608,M,273483.60923594295,3295759.683180166
369,219102.9871093724,M,53935.65733513509,866330.8751309934
76,1336.3457832128115,M,25227.529485575284,304066.6996101162
886,39594.50074084,M,49306.520998240325,631272.7527197239
697,25093.19659794525,F,40781.02442667388,514465.4897180318
774,16243.28010661773,F,2869.6843277066573,50679.49203909762
515,126740.86037422056,F,13858.658128066843,293044.75791102264
82,12980.425215302934,F,28209.20577390416,351490.8945021528
357,75253.25661328567,F,26514.49217218956,393427.1626795604
267,153737.76360252424,F,38590.919941797976,616828.8029040999
891,12340.759990838387,M,60119.44182775732,733774.0619239262
166,47735.79304893397,F,217903.8072938985,2662581.480575716
554,89926.9736811907,M,36214.40828176521,524499.8730623733
97,20915.82965752476,F,46368.27408429419,577335.118669055
792,22498.208192206377,F,16322.983059894575,218374.00491094126
485,62721.988835046,M,22639.13780570222,334391.6425034726
365,14984.10102335118,M,255002.1208392416,3075009.5510942503
39,2226.908400218666,M,25031.713818674303,302607.4742243103
426,16055.319958007463,M,66416.40500451977,813052.1800122446
451,218.24872933484417,F,33728.56121507261,404960.98331020615
731,48647.19111629995,F,33689.78141554254,452924.5681028104
634,101081.78705208296,F,45632.92430597187,648676.8787237454
725,11883.786259189048,F,81087.08558671497,984928.8132997686
11,7562.87139000765,F,3249.605291476977,46558.13488773137
208,151.73239525968611,F,9803.249149281955,117790.72218664316
338,26807.522564747596,F,24467.66029553454,320419.4461111621
715,13989.597497772227,F,26180.556853648548,328156.2797415548
720,163185.86453033003,F,12826.856576085063,317108.1434433508
141,16048.466620344296,M,9114.491936022789,125422.36985261776
293,4441.093026001,M,5383.389378633442,69041.76556960231
277,28326.15231681485,M,139701.65435851485,1704746.004618993
896,17429.91235122247,M,21986.53427650301,281268.3236692586
406,116940.39701692078,M,2107.414182727836,142229.3672096548
629,1148.9853214121822,M,91993.6135792158,1105072.3482720016
795,2088.480273958778,M,5524.4287454808655,68381.62521972916
741,5849.14637932445,M,26630.78975836092,325418.6234796555
799,108481.24093677769,F,44354.24148634418,640732.1387729078
735,23798.75489737539,F,69596.28611867927,858954.1883215266
167,7206.556126094073,M,56162.61168390414,681157.8963329438
918,295186.6043909469,F,35671.95348133239,723250.0461669356
812,947162.958029401,F,14051.368546828098,1115779.3805913383
220,19364.62577375964,M,11369.11456278687,155794.0005272021
299,268.36538041136924,F,2304.813247157092,27926.124346296478
25,246041.81282620243,F,47579.57903775951,816996.7612793166
719,982.4163727422696,M,9528.440970388408,115323.70801740317
833,3356.9016250646773,F,74049.39000114876,891949.5816388498
645,209.575276335118,M,37996.51999196314,456167.8151798928
279,15805.895745480537,F,26559.911056349007,334524.8284216686
477,4494.25778550363,M,17025.039759158088,208794.7348954007
488,28102.25290270893,F,12705.464214040969,180567.82347120054
913,55549.34764718496,M,21853.266042823696,317788.5401610693
616,620397.4077046545,M,12208.968468059362,766905.0293213668
110,14086.067488221786,M,31340.986591958797,390177.9065917274
848,13441.07285921857,M,29834.72356721334,371457.75566577865
1,0.0,M,33481.57572005241,401778.9086406289
4,0.0,F,10282.631223900877,123391.57468681052
7,0.0,M,139610.8543652314,1675330.252382777
9,0.0,M,12196.08391898407,146353.00702780884
10,0.0,M,30489.46661003692,365873.59932044306
16,0.0,F,35448.04087759186,425376.49053110235
18,0.0,F,166655.8082740009,1999869.699288011
19,0.0,F,9808.005933838096,117696.07120605715
20,0.0,M,5145.156039682276,61741.872476187316
22,0.0,M,92721.847913788,1112662.1749654561
24,0.0,F,44093.97871506778,529127.7445808133
26,0.0,F,1642.7151702418,19712.582042901602
30,0.0,F,17369.868542161905,208438.42250594287
31,0.0,F,18927.67410536637,227132.08926439646
32,0.0,M,50761.92341761336,609143.0810113603
36,0.0,F,16594.25579357388,199131.06952288657
37,0.0,M,125014.89032696869,1500178.6839236242
42,0.0,M,23057.29227543021,276687.5073051625
45,0.0,M,36458.3187389708,437499.8248676496
46,0.0,M,17731.107140673397,212773.28568808077
47,0.0,F,13760.36498032092,165124.37976385103
48,0.0,F,39438.8560994648,473266.2731935776
49,0.0,M,33981.39066517921,407776.6879821506
56,0.0,F,32077.905361588764,384934.86433906516
57,0.0,M,29931.55154993629,359178.61859923543
58,0.0,M,52492.15440773185,629905.8528927822
61,0.0,M,25985.94681207217,311831.361744866
64,0.0,F,3783.688347712962,45404.26017255554
65,0.0,F,24432.05551441234,293184.6661729481
66,0.0,F,15994.629443092086,191935.55331710505
69,0.0,M,61763.23743293326,741158.8491951991
71,0.0,M,24342.13873316709,292105.6647980051
73,0.0,F,44071.15321864434,528853.8386237321
74,0.0,F,12669.12651234836,152029.51814818033
77,0.0,M,180449.1363594384,2165389.6363132605
80,0.0,F,16067.60563121251,192811.26757455012
81,0.0,F,85866.54341296887,1030398.5209556264
85,0.0,M,54033.22857174506,648398.7428609408
87,0.0,F,6478.68839106308,77744.26069275697
89,0.0,M,13614.400337899971,163372.80405479966
90,0.0,M,20450.72257249706,245408.6708699647
91,0.0,M,33076.39742443367,396916.76909320406
92,0.0,F,12026.738807144722,144320.86568573667
94,0.0,M,69055.92363379226,828671.0836055072
96,0.0,F,4748.8889377653495,56986.66725318419
99,0.0,M,51568.74108630321,618824.8930356386
103,0.0,F,194140.5161132946,2329686.193359535
106,0.0,F,30522.815044474377,366273.7805336925
107,0.0,F,7572.169663550259,90866.03596260311
109,0.0,M,75732.81229205846,908793.7475047015
116,0.0,F,24945.07251340523,299340.87016086275
117,0.0,F,23600.595040844164,283207.14049012994
118,0.0,M,38054.09312846711,456649.1175416053
120,0.0,M,8433.01448946828,101196.17387361935
121,0.0,F,34618.32972641822,415419.9567170186
122,0.0,F,33807.45932495064,405689.5118994077
123,0.0,F,17937.272461422046,215247.26953706454
124,0.0,M,13962.41614780862,167548.99377370346
125,0.0,M,5441.171260107912,65294.055121294936
130,0.0,M,66389.28925903118,796671.4711083742
131,0.0,F,21738.284700828222,260859.41640993865
132,0.0,F,88479.19240275348,1061750.3088330417
134,0.0,M,34771.74434466359,417260.93213596306
135,0.0,F,7153.036772704063,85836.44127244875
137,0.0,M,35339.16348567726,424069.9618281271
138,0.0,M,45444.35333940426,545332.2400728511
139,0.0,M,24822.89726570449,297874.7671884539
140,0.0,F,34764.1006225396,417169.2074704752
143,0.0,M,31450.037413729664,377400.448964756
144,0.0,F,37968.90452112152,455626.8542534582
145,0.0,F,60257.57700307222,723090.9240368666
146,0.0,F,116778.9554482372,1401347.4653788465
147,0.0,F,13684.073500494576,164208.88200593492
149,0.0,M,17869.936310402773,214439.23572483327
151,0.0,F,23887.78367690443,286653.4041228532
152,0.0,M,54142.2355859045,649706.827030854
156,0.0,F,13351.75026266625,160221.003151995
157,0.0,M,165415.1159791516,1984981.3917498193
158,0.0,M,21804.57605752988,261654.9126903586
159,0.0,M,10067.824326911845,120813.89192294213
160,0.0,F,108655.00102858314,1303860.0123429976
161,0.0,M,66362.48066921528,796349.7680305834
162,0.0,M,16015.700773868472,192188.40928642167
163,0.0,F,12910.595361111971,154927.14433334366
164,0.0,F,95939.83852091554,1151278.0622509865
165,0.0,F,21034.08940734992,252409.072888199
168,0.0,M,48855.96996910223,586271.6396292268
170,0.0,M,36821.44782142853,441857.3738571423
172,0.0,M,29306.59297446029,351679.1156935235
173,0.0,F,21596.20692095425,259154.48305145098
176,0.0,M,83331.15244585769,999973.8293502922
177,0.0,M,23916.729453625296,287000.7534435035
178,0.0,M,12155.416545102384,145864.9985412286
182,0.0,F,17466.402170211306,209596.82604253566
184,0.0,F,71922.9884222791,863075.8610673492
187,0.0,F,8167.221666583767,98006.6599990052
190,0.0,F,89095.13985933302,1069141.6783119962
191,0.0,F,17046.60132106642,204559.21585279703
192,0.0,M,78289.02428047145,939468.2913656575
193,0.0,F,87502.24792521255,1050026.9751025506
197,0.0,F,28949.66024406052,347395.92292872624
198,0.0,M,202285.52623645205,2427426.3148374246
200,0.0,F,15097.761795627168,181173.141547526
202,0.0,M,45404.19480964063,544850.3377156875
203,0.0,F,62106.53259058242,745278.3910869891
204,0.0,M,5842.865235992525,70114.3828319103
205,0.0,M,34360.119569011295,412321.43482813553
206,0.0,M,231897.4547183551,2782769.456620261
207,0.0,F,33484.90410016015,401818.84920192184
209,0.0,F,34171.21723618459,410054.60683421505
211,0.0,M,109888.68527755626,1318664.2233306752
213,0.0,F,10529.9955437082,126359.9465244984
215,0.0,M,52013.9493709835,624167.392451802
216,0.0,F,70888.134288934,850657.611467208
219,0.0,F,26928.15404211661,323137.8485053993
221,0.0,F,41690.825699036825,500289.9083884419
223,0.0,F,13104.774871536192,157257.2984584343
224,0.0,M,114487.8766600727,1373854.5199208723
225,0.0,M,54002.20340129684,648026.4408155621
226,0.0,F,17060.724278723,204728.691344676
228,0.0,M,7826.684053963174,93920.20864755809
229,0.0,M,6162.944547762617,73955.3345731514
231,0.0,F,47011.05546296732,564132.6655556079
234,0.0,F,18202.67909222365,218432.1491066838
237,0.0,M,70578.02444690035,846936.2933628042
243,0.0,M,37958.43870765424,455501.26449185086
245,0.0,M,124743.05476958418,1496916.65723501
246,0.0,F,23766.08920595801,285193.07047149615
247,0.0,F,15471.368843501952,185656.42612202343
248,0.0,F,20530.385947844046,246364.63137412857
250,0.0,M,21913.51073694322,262962.1288433186
253,0.0,F,25040.733903048807,300488.8068365857
254,0.0,F,166347.21671648163,1996166.6005977797
255,0.0,F,9765.797793093723,117189.57351712468
257,0.0,F,30734.13544592221,368809.6253510665
258,0.0,F,14727.071129876236,176724.85355851485
260,0.0,F,67431.50916570456,809178.1099884547
263,0.0,F,36740.7202216735,440888.642660082
264,0.0,M,14688.987066943171,176267.84480331806
265,0.0,M,14501.397510345529,174016.77012414634
266,0.0,F,4247.15180080664,50965.821609679675
269,0.0,M,29622.52729235904,355470.32750830846
270,0.0,M,27519.36179437264,330232.34153247165
272,0.0,F,2054.7639360787016,24657.16723294442
273,0.0,M,13742.30642607,164907.67711284
275,0.0,F,4721.734840539324,56660.81808647189
276,0.0,M,20938.45678362349,251261.48140348186
278,0.0,M,66078.11291275245,792937.3549530294
281,0.0,M,7304.956740808028,87659.48088969634
282,0.0,F,24620.44931034828,295445.3917241793
284,0.0,F,33823.50759231512,405882.0911077815
286,0.0,M,41968.02960986678,503616.35531840136
289,0.0,M,12401.54538359298,148818.54460311576
290,0.0,F,27985.263482606068,335823.1617912728
291,0.0,F,32204.578722934675,386454.9446752161
294,0.0,F,76513.81893942517,918165.827273102
296,0.0,F,40231.80875484151,482781.7050580982
297,0.0,F,6395.093370343297,76741.12044411956
302,0.0,F,41666.90991349761,500002.91896197136
304,0.0,F,27302.279131951724,327627.34958342067
306,0.0,M,12400.69712945208,148808.36555342498
307,0.0,M,755320.874131734,9063850.489580808
309,0.0,M,11869.67160824762,142436.05929897144
310,0.0,F,29529.733291496774,354356.7994979613
311,0.0,F,103459.9181147568,1241519.0173770816
313,0.0,F,108908.59700150132,1306903.1640180158
315,0.0,F,29170.194636492623,350042.33563791146
316,0.0,F,8185.003545890721,98220.04255068865
317,0.0,F,40190.30806440585,482283.6967728702
318,0.0,F,17529.29929039354,210351.5914847225
319,0.0,M,8597.300643399487,103167.60772079384
320,0.0,F,23716.14133160561,284593.6959792673
321,0.0,F,83225.40283320958,998704.8339985149
322,0.0,F,27215.05038265488,326580.6045918586
324,0.0,M,8189.783901715916,98277.40682059099
326,0.0,F,26960.225805266316,323522.70966319577
327,0.0,F,30070.753230421444,360849.03876505734
328,0.0,M,6401.312587935759,76815.7510552291
330,0.0,M,76950.96258374785,923411.5510049742
331,0.0,F,36937.66285200112,443251.9542240135
332,0.0,F,2872.4269925007584,34469.123910009104
336,0.0,M,33524.999214547795,402299.9905745735
337,0.0,F,47680.443399602285,572165.3207952274
340,0.0,F,69126.34919365862,829516.1903239035
342,0.0,M,12461.850062486126,149542.20074983352
345,0.0,F,66368.8667372313,796426.4008467756
346,0.0,F,19345.975540293,232151.70648351597
347,0.0,M,11366.901981673582,136402.82378008298
350,0.0,M,1590.4628746417463,19085.554495700955
351,0.0,F,18547.835192556035,222574.02231067242
353,0.0,F,16938.28354008475,203259.402481017
354,0.0,M,43316.27777839057,519795.33334068686
355,0.0,M,24537.62411258604,294451.4893510325
356,0.0,M,49336.55330068173,592038.6396081807
359,0.0,F,21728.6043976312,260743.2527715744
361,0.0,F,12316.822358026056,147801.8682963127
363,0.0,F,38171.74821999082,458060.97863988986
367,0.0,M,1574.6379744694038,18895.655693632845
370,0.0,F,32905.38574320339,394864.62891844066
371,0.0,M,5939.250944124975,71271.0113294997
372,0.0,F,28987.49207129495,347849.9048555394
373,0.0,M,121475.4514441386,1457705.4173296632
374,0.0,F,15970.556059553524,191646.6727146423
375,0.0,F,20565.941625292628,246791.29950351152
378,0.0,M,218709.85566312316,2624518.267957478
381,0.0,F,3901.3684089204185,46816.42090704502
384,0.0,F,8446.353729972638,101356.24475967165
385,0.0,F,65049.72569250521,780596.7083100625
386,0.0,M,134281.68380411153,1611380.2056493382
387,0.0,M,60510.26606585426,726123.1927902511
388,0.0,F,54483.67974998674,653804.1569998409
390,0.0,F,21652.170869516314,259826.0504341958
391,0.0,M,4095.586790972,49147.041491664
392,0.0,M,27033.52064915573,324402.24778986874
393,0.0,F,56585.70176276299,679028.4211531559
394,0.0,M,60847.17281911491,730166.0738293789
395,0.0,M,45965.0471109078,551580.5653308936
396,0.0,F,161142.42869976934,1933709.1443972322
399,0.0,M,123564.71874406096,1482776.6249287315
400,0.0,F,28399.349618643024,340792.1954237163
401,0.0,F,26652.820198879886,319833.84238655865
403,0.0,F,5284.77109497206,63417.253139664725
404,0.0,M,6343.857022418818,76126.28426902581
405,0.0,F,28935.642255792554,347227.70706951065
407,0.0,M,44983.17572502597,539798.1087003116
410,0.0,M,4972.6536846197605,59671.84421543713
411,0.0,M,19008.31057135529,228099.72685626347
412,0.0,M,135337.3570591423,1624048.2847097074
414,0.0,M,19467.41812572314,233609.01750867767
415,0.0,M,44336.59269706858,532039.112364823
417,0.0,F,18151.162477524427,217813.94973029313
418,0.0,F,40014.531610040256,480174.3793204831
419,0.0,F,13728.84291942327,164746.11503307923
421,0.0,F,14366.50105548207,172398.01266578483
425,0.0,M,6813.478155000527,81761.73786000632
432,0.0,F,14832.74181218393,177992.90174620715
434,0.0,F,10826.92212357416,129923.06548288993
435,0.0,F,15743.353609222337,188920.24331066804
436,0.0,F,36680.42966875336,440165.1560250403
438,0.0,M,91245.330920622,1094943.971047464
439,0.0,F,32401.844906685958,388822.1388802315
441,0.0,F,22924.118514190883,275089.4221702906
442,0.0,F,12296.880901414796,147562.57081697753
444,0.0,F,40575.32716128796,486903.92593545554
445,0.0,M,24643.603828483447,295723.24594180135
448,0.0,M,42538.78755982753,510465.45071793033
450,0.0,F,23331.203553238134,279974.44263885764
452,0.0,F,3018.335947492175,36220.0313699061
454,0.0,M,50868.03440768903,610416.4128922684
455,0.0,F,72801.23911406209,873614.869368745
456,0.0,M,21326.94014344335,255923.28172132018
459,0.0,M,20097.757660403466,241173.09192484157
460,0.0,F,36896.52232240008,442758.26786880096
462,0.0,F,109265.19222134666,1311182.30665616
463,0.0,M,89552.60262456824,1074631.2314948188
464,0.0,M,83972.68315315258,1007672.197837831
465,0.0,F,436170.4040590364,5234044.848708437
469,0.0,F,33403.57425246402,400842.8910295683
470,0.0,M,9342.612262095923,112111.34714515108
471,0.0,M,318681.89208526805,3824182.7050232165
472,0.0,M,47750.31848429771,573003.8218115725
479,0.0,M,8994.599371704177,107935.19246045011
481,0.0,M,9764.690921357682,117176.29105629219
482,0.0,M,23836.465555286468,286037.5866634376
483,0.0,F,222413.07696925788,2668956.9236310944
484,0.0,M,14454.536936772856,173454.44324127428
486,0.0,M,13424.50900081861,161094.10800982334
491,0.0,F,45929.98569193343,551159.8283032011
492,0.0,M,10032.777186963627,120393.32624356353
493,0.0,F,29235.29553111142,350823.54637333704
494,0.0,M,63868.46099460656,766421.5319352788
495,0.0,F,16343.888252980028,196126.65903576033
497,0.0,F,2883.2723483361447,34599.26818003374
499,0.0,F,210461.15497448517,2525533.859693822
500,0.0,M,15645.611052943104,187747.33263531726
502,0.0,F,33719.24756732354,404630.9708078825
504,0.0,M,39094.86151486024,469138.3381783229
505,0.0,F,4075.174929213045,48902.09915055654
507,0.0,M,74905.42413147679,898865.0895777214
508,0.0,M,14735.414195988977,176824.97035186773
509,0.0,M,24763.05864262165,297156.7037114598
512,0.0,M,55111.11667426724,661333.4000912069
513,0.0,M,22848.19933172483,274178.391980698
514,0.0,M,20912.306767070837,250947.68120485003
516,0.0,M,41577.153068452855,498925.83682143426
518,0.0,M,6599.41110336413,79192.93324036956
520,0.0,F,56112.472983414526,673349.6758009742
523,0.0,F,33006.2145408471,396074.57449016516
526,0.0,F,18097.252122875525,217167.0254745063
527,0.0,F,50315.78609836851,603789.433180422
528,0.0,M,68774.2888917286,825291.4667007432
529,0.0,M,11665.949027700144,139991.38833240172
530,0.0,M,282337.92849051324,3388055.141886159
532,0.0,F,12110.291897570289,145323.50277084345
533,0.0,F,14992.144615685418,179905.735388225
534,0.0,F,24138.51230534488,289662.1476641386
536,0.0,F,46974.99504853488,563699.9405824186
538,0.0,M,15038.252032889972,180459.02439467967
539,0.0,F,172735.21960718685,2072822.6352862422
541,0.0,F,220600.21095125403,2647202.5314150485
542,0.0,F,52896.18138836293,634754.1766603552
543,0.0,F,67630.21879599045,811562.6255518855
546,0.0,F,17893.25043093057,214719.00517116685
550,0.0,M,22792.762444877524,273513.14933853026
551,0.0,M,20466.86437990705,245602.37255888458
552,0.0,F,17911.335861785396,214936.03034142475
553,0.0,M,29703.44075474854,356441.2890569825
555,0.0,F,9674.21578970124,116090.58947641488
556,0.0,M,116935.2069105352,1403222.4829264223
558,0.0,F,16184.020397146203,194208.24476575444
559,0.0,M,6356.42026799126,76277.04321589512
560,0.0,M,80922.35244134923,971068.2292961907
562,0.0,M,14507.543323479782,174090.51988175738
563,0.0,F,14450.160444868225,173401.9253384187
564,0.0,M,300729.53964163293,3608754.475699595
566,0.0,M,39857.82382183775,478293.885862053
569,0.0,F,14677.625228527124,176131.50274232548
574,0.0,F,21109.35223396112,253312.2268075334
577,0.0,F,8916.572261441166,106998.867137294
579,0.0,F,13256.903016332602,159082.83619599123
580,0.0,F,18071.11932900581,216853.43194806972
582,0.0,M,14034.927671063691,168419.1320527643
585,0.0,F,73407.33599202416,880888.03190429
587,0.0,M,21211.92127789484,254543.05533473805
589,0.0,M,76606.26467669712,919275.1761203654
590,0.0,F,8450.811416443938,101409.73699732724
592,0.0,M,74823.93947578373,897887.2737094047
595,0.0,F,14928.37447833964,179140.49374007568
596,0.0,F,22281.339289840194,267376.07147808233
597,0.0,M,34741.03622366626,416892.43468399515
600,0.0,M,2384.22443201961,28610.693184235322
602,0.0,F,10528.567648229118,126342.81177874943
603,0.0,M,43186.59520676038,518239.14248112455
604,0.0,M,11412.680830061918,136952.16996074302
605,0.0,F,20091.559591820653,241098.71510184783
607,0.0,F,19571.862802868865,234862.35363442637
609,0.0,M,30432.32936121885,365187.9523346262
610,0.0,M,6501.163432992401,78013.9611959088
611,0.0,M,54325.42747507208,651905.1297008649
612,0.0,M,5972.362408391931,71668.34890070317
614,0.0,M,7752.973479730138,93035.68175676165
615,0.0,M,12078.685323037069,144944.22387644483
618,0.0,F,44123.00301267661,529476.0361521193
620,0.0,F,12619.978486547172,151439.74183856606
621,0.0,M,134566.39168869154,1614796.7002642984
622,0.0,F,6836.490060161903,82037.88072194284
623,0.0,F,41286.982926058605,495443.7951127032
624,0.0,F,43427.55908690188,521130.70904282253
626,0.0,M,29006.63382793951,348079.6059352741
627,0.0,F,22186.78867762955,266241.4641315546
628,0.0,F,8687.296315712922,104247.55578855507
631,0.0,F,46353.10785530575,556237.294263669
635,0.0,M,216893.5932381174,2602723.118857409
636,0.0,F,42145.05771595648,505740.69259147777
637,0.0,F,41993.19879273888,503918.38551286655
639,0.0,M,9349.154982367712,112189.85978841255
640,0.0,M,4265.190061778641,51182.2807413437
642,0.0,F,32918.88334590889,395026.6001509067
647,0.0,F,10435.31132486933,125223.73589843196
648,0.0,F,64158.30051575208,769899.606189025
649,0.0,M,16148.674058496144,193784.08870195373
650,0.0,F,54054.876236950855,648658.5148434102
651,0.0,M,15642.58704329034,187711.04451948407
654,0.0,F,17419.901930930864,209038.82317117037
655,0.0,F,37509.28215764618,450111.3858917542
656,0.0,F,184755.4273642137,2217065.1283705644
659,0.0,F,10461.600089450078,125539.20107340094
660,0.0,M,65520.795238132734,786249.5428575928
662,0.0,F,10193.211860505708,122318.54232606849
664,0.0,F,129885.67686046734,1558628.122325608
675,0.0,M,53743.34128165726,644920.0953798871
678,0.0,F,2864.462138196503,34373.54565835804
679,0.0,M,79991.97607579884,959903.712909586
681,0.0,M,16225.30902938243,194703.70835258916
682,0.0,F,17215.73021320979,206588.76255851748
683,0.0,M,6252.785285313294,75033.42342375952
684,0.0,M,61122.236322400415,733466.835868805
686,0.0,M,46713.09576934244,560557.1492321093
687,0.0,M,31928.514572586093,383142.1748710331
688,0.0,F,38732.71090722605,464792.5308867126
689,0.0,M,12360.6042269954,148327.2507239448
690,0.0,M,73992.41456656996,887908.9747988395
693,0.0,M,46748.51814473907,560982.2177368689
694,0.0,M,59756.19319256688,717074.3183108026
695,0.0,F,28477.93292080853,341735.19504970236
698,0.0,F,56907.50025186552,682890.0030223862
700,0.0,M,37161.6484958905,445939.781950686
701,0.0,M,79947.1198752267,959365.4385027203
703,0.0,F,31809.67282346201,381716.0738815441
706,0.0,M,31918.94570037192,383027.34840446303
708,0.0,M,44497.66966086831,533972.0359304198
709,0.0,M,25519.02849812812,306228.34197753744
711,0.0,M,5581.360891531481,66976.33069837777
712,0.0,F,21716.526203077163,260598.31443692595
714,0.0,F,21512.9909522168,258155.89142660162
716,0.0,M,10845.753145024755,130149.03774029706
717,0.0,M,7623.70413890761,91484.44966689132
722,0.0,F,26090.765125754788,313089.18150905747
723,0.0,M,31295.04307994253,375540.5169593104
724,0.0,F,8348.225673019511,100178.70807623414
726,0.0,F,198757.70331456623,2385092.4397747945
727,0.0,M,9453.623525212734,113443.4823025528
728,0.0,F,4788.400200038539,57460.80240046247
730,0.0,M,6029.758435476601,72357.10122571922
732,0.0,M,37249.020009865046,446988.2401183805
733,0.0,F,21088.82396616767,253065.88759401205
736,0.0,M,85714.6277991552,1028575.5335898625
738,0.0,F,4953.4998800209705,59441.998560251646
739,0.0,F,27037.034307660284,324444.4116919234
740,0.0,F,84055.51254489284,1008666.1505387141
743,0.0,F,3350.0340643306845,40200.408771968214
745,0.0,M,35815.556082299845,429786.6729875981
746,0.0,F,12768.150513709275,153217.8061645113
747,0.0,F,20465.74336670968,245588.9204005162
750,0.0,M,41651.24759407144,499814.97112885735
754,0.0,M,15364.207503261065,184370.49003913277
755,0.0,F,36953.2392315447,443438.8707785364
758,0.0,M,24691.20109697436,296294.41316369234
759,0.0,M,33077.731723014,396932.78067616804
760,0.0,F,22902.366110354786,274828.39332425746
761,0.0,M,12224.04850621567,146688.58207458805
762,0.0,M,48879.172790631455,586550.0734875775
763,0.0,M,4627.033460462417,55524.401525549
765,0.0,M,38501.21165811576,462014.5398973891
768,0.0,F,19427.956300425834,233135.47560511
769,0.0,F,55643.170973272965,667718.0516792756
770,0.0,F,64046.837050327005,768562.044603924
771,0.0,M,70628.79846347016,847545.5815616419
772,0.0,F,34364.41164791674,412372.9397750009
775,0.0,M,14885.979218312785,178631.7506197534
777,0.0,M,30694.729002288223,368336.74802745867
779,0.0,M,17983.21961262637,215798.63535151642
780,0.0,F,18594.590851643705,223135.09021972446
781,0.0,M,54536.6824331821,654440.1891981852
782,0.0,F,30719.669553579733,368636.0346429568
786,0.0,M,50654.747715236896,607856.9725828427
787,0.0,F,19112.49768283113,229349.97219397355
788,0.0,F,4147.386660977711,49768.63993173253
789,0.0,M,91863.38441692274,1102360.6130030728
790,0.0,M,59573.18453556112,714878.2144267334
793,0.0,M,32713.90567414145,392566.8680896974
796,0.0,M,9413.027127188849,112956.32552626618
802,0.0,F,7887.772361483036,94653.26833779643
803,0.0,M,5943.211259026519,71318.53510831823
807,0.0,M,9287.957155496484,111455.4858659578
808,0.0,F,8408.797585359842,100905.57102431811
809,0.0,F,98900.0269569653,1186800.3234835835
813,0.0,F,68361.7097829977,820340.5173959724
814,0.0,M,91335.72784165545,1096028.7340998654
815,0.0,M,97591.77823108908,1171101.338773069
817,0.0,F,9281.373914430627,111376.48697316753
819,0.0,M,36758.56361496755,441102.7633796106
820,0.0,M,9520.793537407975,114249.5224488957
822,0.0,M,5771.063892492073,69252.76670990488
823,0.0,M,28078.241722902258,336938.9006748271
827,0.0,F,14658.190408814036,175898.28490576844
828,0.0,M,69840.64978142435,838087.7973770922
830,0.0,M,13189.15344611239,158269.8413533487
837,0.0,M,15808.835453942233,189706.0254473068
838,0.0,M,10624.66200245728,127495.94402948736
839,0.0,M,39174.50285780594,470094.0342936713
840,0.0,F,6213.853638120023,74566.24365744027
841,0.0,M,43210.72002254151,518528.6402704981
842,0.0,M,7097.947687829832,85175.37225395799
843,0.0,M,91383.93610873756,1096607.2333048508
844,0.0,F,21699.113761197765,260389.3651343732
846,0.0,F,47058.50214492217,564702.0257390661
847,0.0,M,29313.078135329044,351756.93762394856
849,0.0,F,24710.726569119368,296528.7188294324
850,0.0,M,30337.19410254567,364046.329230548
851,0.0,M,284498.6739482552,3413984.0873790625
852,0.0,F,6711.484104042938,80537.80924851526
853,0.0,F,17654.9269164472,211859.1229973664
854,0.0,F,44450.54430194961,533406.5316233953
856,0.0,F,108936.94382849552,1307243.3259419464
858,0.0,M,4843.971929540083,58127.66315448099
861,0.0,F,22255.73451829084,267068.81421949004
863,0.0,M,27930.399123765223,335164.7894851827
864,0.0,F,105751.78792553447,1269021.4551064137
866,0.0,M,29384.92690907142,352619.122908857
867,0.0,M,27107.32483814012,325287.89805768145
870,0.0,F,137293.2493980444,1647518.9927765327
875,0.0,F,28432.562260262923,341190.74712315504
876,0.0,F,26085.859131254565,313030.3095750548
877,0.0,F,20673.085912989187,248077.03095587023
878,0.0,F,79114.8135573192,949377.7626878304
880,0.0,F,8935.145079750453,107221.74095700544
881,0.0,M,54403.57635481566,652842.916257788
882,0.0,F,38938.82433553975,467265.892026477
883,0.0,M,37328.0346800849,447936.4161610188
884,0.0,F,31910.601226361025,382927.21471633227
889,0.0,M,71377.72887083894,856532.7464500673
890,0.0,M,17082.87608898419,204994.51306781027
895,0.0,M,13844.90190253162,166138.82283037942
897,0.0,F,85745.02130809588,1028940.2556971505
898,0.0,F,25579.123264986774,306949.4791798413
899,0.0,M,46156.99945138944,553883.9934166733
901,0.0,M,60730.30541287352,728763.6649544822
902,0.0,F,49352.2696753784,592227.2361045408
903,0.0,F,6947.316609948271,83367.79931937926
904,0.0,F,11121.60382171975,133459.245860637
907,0.0,M,23109.089521452097,277309.07425742515
908,0.0,F,31988.93915029634,383867.2698035561
909,0.0,M,11409.454846213612,136913.45815456333
911,0.0,F,57711.19875843846,692534.3851012615
914,0.0,M,169409.05546597933,2032908.665591752
915,0.0,M,98238.47166824625,1178861.660018955
919,0.0,M,57951.3684312226,695416.4211746713
921,0.0,M,68145.90195335294,817750.8234402352
923,0.0,M,13134.391415666718,157612.69698800062
924,0.0,F,11724.17742397088,140690.12908765057
927,0.0,M,2942.2060244815048,35306.47229377806
928,0.0,M,9407.686836822331,112892.24204186798
930,0.0,M,183917.0361781664,2207004.4341379968
932,0.0,M,5376.715365600312,64520.584387203744
933,0.0,M,25210.002747542767,302520.0329705132
934,0.0,F,27991.31182943625,335895.741953235
937,0.0,M,108335.65937925687,1300027.9125510824
940,0.0,F,9713.912696795254,116566.95236154305
942,0.0,F,43968.14331791737,527617.7198150085
943,0.0,F,36533.755864252445,438405.0703710293
945,0.0,F,18353.01884530968,220236.2261437162
946,0.0,M,28058.360112557628,336700.32135069155
948,0.0,M,15618.27146527567,187419.25758330803
949,0.0,F,28769.86088512598,345238.3306215118
954,0.0,M,45233.2189341919,542798.6272103027
955,0.0,F,11234.15478253185,134809.8573903822
958,0.0,M,78354.67918322414,940256.1501986897
959,0.0,M,24901.53156285264,298818.3787542317
961,0.0,M,27051.46537788425,324617.584534611
962,0.0,F,98041.25055129406,1176495.0066155286
963,0.0,F,16090.457712896448,193085.4925547574
965,0.0,M,7346.731097138831,88160.77316566597
966,0.0,M,45432.134102765325,545185.6092331839
968,0.0,M,77136.17290488201,925634.0748585842
969,0.0,F,22045.343048668678,264544.11658402416
972,0.0,M,70016.5279676862,840198.3356122344
973,0.0,M,27077.82822215429,324933.9386658515
975,0.0,F,42286.96424847365,507443.5709816838
976,0.0,M,8910.787168840705,106929.44602608847
978,0.0,F,18534.795796364542,222417.5495563745
984,0.0,M,9829.512396297214,117954.14875556657
986,0.0,M,50518.560587828426,606222.7270539411
989,0.0,F,45953.28851112306,551439.4621334767
990,0.0,F,104835.4101302668,1258024.9215632016
993,0.0,M,29934.65255286761,359215.8306344113
994,0.0,F,4535.759974223632,54429.11969068358
998,0.0,M,98927.90307555236,1187134.8369066282
999,0.0,M,108107.14136832672,1297285.6964199205
